{
  "losses": [
    1.000084382762392,
    0.9928661556128996,
    0.972614474504827,
    0.9180841806782297,
    0.8103281370846622,
    0.6441332110798502,
    0.46425613707088564,
    0.3196512278483575,
    0.22359514779534684,
    0.16593944254409837,
    0.12683014562690115,
    0.09921859591885145,
    0.08153870576117413,
    0.06788547258509929,
    0.058417451534285604,
    0.04915884001943541,
    0.043308148278394736,
    0.03783202171045165,
    0.03443415117371513,
    0.031027268205982554,
    0.02801612580576575,
    0.0257836708641914,
    0.023121606280847667,
    0.021722635119614832,
    0.02024294341723603,
    0.0184927057034437,
    0.017006228193332137,
    0.01640693834247853,
    0.01530665069108784,
    0.014556114032376468,
    0.013602330099022666,
    0.012444598953020814,
    0.012390404924222952,
    0.011802309082262779,
    0.01139454890943009,
    0.011024090954620133,
    0.010477994927359431,
    0.010032632513706717,
    0.009770271175818697,
    0.009184009216358346,
    0.008998019891827512,
    0.009078735417997778,
    0.008182821293653926,
    0.00802831715502333,
    0.008289020388781272,
    0.007560960287319395,
    0.0077474040341499,
    0.0069532038585923845,
    0.007221592461174152,
    0.0069462435077370915
  ],
  "metrics": {
    "both": {
      "optimistic": {
        "adjusted_arithmetic_mean_rank": 0.2517087088211599,
        "adjusted_arithmetic_mean_rank_index": 0.7483760167503664,
        "adjusted_geometric_mean_rank_index": 0.9370764071775124,
        "adjusted_hits_at_k": 0.11177640681036509,
        "adjusted_inverse_harmonic_mean_rank": 0.06567759768975545,
        "arithmetic_mean_rank": 2223.3282997762863,
        "count": 8940.0,
        "geometric_mean_rank": 401.42288696863693,
        "harmonic_mean_rank": 15.094741034917929,
        "hits_at_1": 0.039261744966442955,
        "hits_at_10": 0.11230425055928411,
        "hits_at_3": 0.07259507829977628,
        "hits_at_5": 0.09049217002237137,
        "inverse_arithmetic_mean_rank": 0.00044977613072285413,
        "inverse_geometric_mean_rank": 0.002491138478803601,
        "inverse_harmonic_mean_rank": 0.06624823822328245,
        "inverse_median_rank": 0.0014524328249818446,
        "median_absolute_deviation": 1000.0151963820285,
        "median_rank": 688.5,
        "standard_deviation": 3460.767460168365,
        "variance": 11976911.413360195,
        "z_arithmetic_mean_rank": 120.59319113659191,
        "z_geometric_mean_rank": 88.74155373487125,
        "z_hits_at_k": 433.41837515196534,
        "z_inverse_harmonic_mean_rank": 628.9834192426918
      },
      "pessimistic": {
        "adjusted_arithmetic_mean_rank": 0.25170874681195493,
        "adjusted_arithmetic_mean_rank_index": 0.7483759787552697,
        "adjusted_geometric_mean_rank_index": 0.9370764008912645,
        "adjusted_hits_at_k": 0.11177640681036509,
        "adjusted_inverse_harmonic_mean_rank": 0.06567759764403029,
        "arithmetic_mean_rank": 2223.328635346756,
        "count": 8940.0,
        "geometric_mean_rank": 401.4229269720345,
        "harmonic_mean_rank": 15.0947410453301,
        "hits_at_1": 0.039261744966442955,
        "hits_at_10": 0.11230425055928411,
        "hits_at_3": 0.07259507829977628,
        "hits_at_5": 0.09049217002237137,
        "inverse_arithmetic_mean_rank": 0.00044977606283743896,
        "inverse_geometric_mean_rank": 0.0024911382305517044,
        "inverse_harmonic_mean_rank": 0.06624823817758521,
        "inverse_median_rank": 0.0014524328249818446,
        "median_absolute_deviation": 1000.0151963820285,
        "median_rank": 688.5,
        "standard_deviation": 3460.7677542450137,
        "variance": 11976913.448822076,
        "z_arithmetic_mean_rank": 120.59318501406815,
        "z_geometric_mean_rank": 88.74155313956078,
        "z_hits_at_k": 433.41837515196534,
        "z_inverse_harmonic_mean_rank": 628.9834188047895
      },
      "realistic": {
        "adjusted_arithmetic_mean_rank": 0.25170871667407496,
        "adjusted_arithmetic_mean_rank_index": 0.7483760088965622,
        "adjusted_geometric_mean_rank_index": 0.937076427128191,
        "adjusted_hits_at_k": 0.11177640681036509,
        "adjusted_inverse_harmonic_mean_rank": 0.06567759755308997,
        "arithmetic_mean_rank": 2223.328369140625,
        "count": 8940.0,
        "geometric_mean_rank": 401.4227600097656,
        "harmonic_mean_rank": 15.094741066038305,
        "hits_at_1": 0.039261744966442955,
        "hits_at_10": 0.11230425055928411,
        "hits_at_3": 0.07259507829977628,
        "hits_at_5": 0.09049217002237137,
        "inverse_arithmetic_mean_rank": 0.00044977612560614944,
        "inverse_geometric_mean_rank": 0.002491139341145754,
        "inverse_harmonic_mean_rank": 0.06624823808670044,
        "inverse_median_rank": 0.0014524328289553523,
        "median_absolute_deviation": 1000.0151963820285,
        "median_rank": 688.5,
        "standard_deviation": 3460.767578125,
        "variance": 11976913.0,
        "z_arithmetic_mean_rank": 120.59318987103117,
        "z_geometric_mean_rank": 88.74155562420941,
        "z_hits_at_k": 433.41837515196534,
        "z_inverse_harmonic_mean_rank": 628.9834179338693
      }
    },
    "head": {
      "optimistic": {
        "adjusted_arithmetic_mean_rank": 0.2521617108994006,
        "adjusted_arithmetic_mean_rank_index": 0.7479314030927413,
        "adjusted_geometric_mean_rank_index": 0.9262760452115889,
        "adjusted_hits_at_k": 0.09827779458988706,
        "adjusted_inverse_harmonic_mean_rank": 0.054612680916938244,
        "arithmetic_mean_rank": 2025.4706935123043,
        "count": 4470.0,
        "geometric_mean_rank": 422.1893922902681,
        "harmonic_mean_rank": 18.09792008081643,
        "hits_at_1": 0.030425055928411632,
        "hits_at_10": 0.09888143176733781,
        "hits_at_3": 0.06040268456375839,
        "hits_at_5": 0.07718120805369127,
        "inverse_arithmetic_mean_rank": 0.0004937124013707311,
        "inverse_geometric_mean_rank": 0.0023686052237723433,
        "inverse_harmonic_mean_rank": 0.055254968280028356,
        "inverse_median_rank": 0.0013986013986013986,
        "median_absolute_deviation": 1030.4085418613934,
        "median_rank": 715.0,
        "standard_deviation": 3071.3510539448957,
        "variance": 9433197.296568422,
        "z_arithmetic_mean_rank": 84.14995247862832,
        "z_geometric_mean_rank": 62.04069220662533,
        "z_hits_at_k": 253.8776744492697,
        "z_inverse_harmonic_mean_rank": 348.5061036691009
      },
      "pessimistic": {
        "adjusted_arithmetic_mean_rank": 0.2521617108994006,
        "adjusted_arithmetic_mean_rank_index": 0.7479314030927413,
        "adjusted_geometric_mean_rank_index": 0.9262760452115889,
        "adjusted_hits_at_k": 0.09827779458988706,
        "adjusted_inverse_harmonic_mean_rank": 0.054612680916938244,
        "arithmetic_mean_rank": 2025.4706935123043,
        "count": 4470.0,
        "geometric_mean_rank": 422.1893922902681,
        "harmonic_mean_rank": 18.09792008081643,
        "hits_at_1": 0.030425055928411632,
        "hits_at_10": 0.09888143176733781,
        "hits_at_3": 0.06040268456375839,
        "hits_at_5": 0.07718120805369127,
        "inverse_arithmetic_mean_rank": 0.0004937124013707311,
        "inverse_geometric_mean_rank": 0.0023686052237723433,
        "inverse_harmonic_mean_rank": 0.055254968280028356,
        "inverse_median_rank": 0.0013986013986013986,
        "median_absolute_deviation": 1030.4085418613934,
        "median_rank": 715.0,
        "standard_deviation": 3071.3510539448957,
        "variance": 9433197.296568422,
        "z_arithmetic_mean_rank": 84.14995247862832,
        "z_geometric_mean_rank": 62.04069220662533,
        "z_hits_at_k": 253.8776744492697,
        "z_inverse_harmonic_mean_rank": 348.5061036691009
      },
      "realistic": {
        "adjusted_arithmetic_mean_rank": 0.2521617120961367,