{
  "losses": [
    0.7994334775299933,
    0.6172447579543141,
    0.5046379241664084,
    0.44261268750964433,
    0.39836969092455965,
    0.3598690150616743,
    0.32630173768242116,
    0.29263581846256836,
    0.26001379133046576,
    0.2249441847948604,
    0.19462771215950847,
    0.16738773745013938,
    0.14473762474711702,
    0.12386598499439284,
    0.10458100722080456,
    0.08922444790634054,
    0.07557486898696086,
    0.06346325262766857,
    0.05268974669697874,
    0.044436448894101734,
    0.03747802006521155,
    0.03150855475095244,
    0.026750847018463236,
    0.02309670205149242,
    0.02074071741511403,
    0.018128304794802454,
    0.015928277625639694,
    0.014363793142083345,
    0.01340605825016077,
    0.012010202098157006,
    0.011090586974826963,
    0.009984263407830108,
    0.009211098644584458,
    0.008681193968117512,
    0.008600621202525253,
    0.0078058285065956915,
    0.007394093975809619,
    0.00706000384430698,
    0.00665287732953128,
    0.006528632990662878,
    0.006142901826178056,
    0.005735502767398319,
    0.005527458335974364,
    0.005245493255240475,
    0.004968427970116921,
    0.004596944815427324,
    0.004560496752342783,
    0.004430971144772551,
    0.004369108972561125,
    0.004062444596150976
  ],
  "metrics": {
    "both": {
      "optimistic": {
        "adjusted_arithmetic_mean_rank": 0.011908432906071924,
        "adjusted_arithmetic_mean_rank_index": 0.9882060625114419,
        "adjusted_geometric_mean_rank_index": 0.9999194768064806,
        "adjusted_hits_at_k": 0.9415112882222164,
        "adjusted_inverse_harmonic_mean_rank": 0.9068118721468567,
        "arithmetic_mean_rank": 102.78128023218316,
        "count": 12404.0,
        "geometric_mean_rank": 1.4832755071223083,
        "harmonic_mean_rank": 1.1026871361536228,
        "hits_at_1": 0.8821347952273461,
        "hits_at_10": 0.9415511125443405,
        "hits_at_3": 0.9284908094163173,
        "hits_at_5": 0.9346178652047726,
        "inverse_arithmetic_mean_rank": 0.00972939817193362,
        "inverse_geometric_mean_rank": 0.6741835857184028,
        "inverse_harmonic_mean_rank": 0.9068755472093248,
        "inverse_median_rank": 1.0,
        "median_absolute_deviation": 0.0,
        "median_rank": 1.0,
        "standard_deviation": 959.5970856153548,
        "variance": 920826.5667214826,
        "z_arithmetic_mean_rank": 184.77138259995172,
        "z_geometric_mean_rank": 111.55380119309201,
        "z_hits_at_k": 4017.7111300432002,
        "z_inverse_harmonic_mean_rank": 9562.508348727126
      },
      "pessimistic": {
        "adjusted_arithmetic_mean_rank": 0.011908442246759231,
        "adjusted_arithmetic_mean_rank_index": 0.9882060531696724,
        "adjusted_geometric_mean_rank_index": 0.999919476804516,
        "adjusted_hits_at_k": 0.9415112882222164,
        "adjusted_inverse_harmonic_mean_rank": 0.9068118721460725,
        "arithmetic_mean_rank": 102.78136085133828,
        "count": 12404.0,
        "geometric_mean_rank": 1.483275518913505,
        "harmonic_mean_rank": 1.1026871361545758,
        "hits_at_1": 0.8821347952273461,
        "hits_at_10": 0.9415511125443405,
        "hits_at_3": 0.9284908094163173,
        "hits_at_5": 0.9346178652047726,
        "inverse_arithmetic_mean_rank": 0.009729390540434544,
        "inverse_geometric_mean_rank": 0.6741835803590267,
        "inverse_harmonic_mean_rank": 0.9068755472085411,
        "inverse_median_rank": 1.0,
        "median_absolute_deviation": 0.0,
        "median_rank": 1.0,
        "standard_deviation": 959.5979290033505,
        "variance": 920828.1853475192,
        "z_arithmetic_mean_rank": 184.77138085325964,
        "z_geometric_mean_rank": 111.55380119287284,
        "z_hits_at_k": 4017.7111300432002,
        "z_inverse_harmonic_mean_rank": 9562.508348718855
      },
      "realistic": {
        "adjusted_arithmetic_mean_rank": 0.011908437358918495,
        "adjusted_arithmetic_mean_rank_index": 0.9882060580580795,
        "adjusted_geometric_mean_rank_index": 0.9999194768220777,
        "adjusted_hits_at_k": 0.9415112882222164,
        "adjusted_inverse_harmonic_mean_rank": 0.9068119353322688,
        "arithmetic_mean_rank": 102.78131866455078,
        "count": 12404.0,
        "geometric_mean_rank": 1.4832754135131836,
        "harmonic_mean_rank": 1.1026870593777867,
        "hits_at_1": 0.8821347952273461,
        "hits_at_10": 0.9415511125443405,
        "hits_at_3": 0.9284908094163173,
        "hits_at_5": 0.9346178652047726,
        "inverse_arithmetic_mean_rank": 0.009729394689202309,
        "inverse_geometric_mean_rank": 0.6741836071014404,
        "inverse_harmonic_mean_rank": 0.9068756103515626,
        "inverse_median_rank": 1.0,
        "median_absolute_deviation": 0.0,
        "median_rank": 1.0,
        "standard_deviation": 959.5974731445312,
        "variance": 920827.3125,
        "z_arithmetic_mean_rank": 184.77138176727723,
        "z_geometric_mean_rank": 111.55380119483208,
        "z_hits_at_k": 4017.7111300432002,
        "z_inverse_harmonic_mean_rank": 9562.50901502964
      }
    },
    "head": {
      "optimistic": {
        "adjusted_arithmetic_mean_rank": 0.011656326021871537,
        "adjusted_arithmetic_mean_rank_index": 0.9884738382580885,
        "adjusted_geometric_mean_rank_index": 0.9999063468336361,
        "adjusted_hits_at_k": 0.949167002147634,
        "adjusted_inverse_harmonic_mean_rank": 0.8917540995396029,
        "arithmetic_mean_rank": 88.51870364398582,
        "count": 6202.0,
        "geometric_mean_rank": 1.4742098030616693,
        "harmonic_mean_rank": 1.1212729131087926,
        "hits_at_1": 0.8485972267010642,
        "hits_at_10": 0.9492099322799097,
        "hits_at_3": 0.9332473395678813,
        "hits_at_5": 0.9405030635278943,
        "inverse_arithmetic_mean_rank": 0.01129704750333793,
        "inverse_geometric_mean_rank": 0.6783295009456451,
        "inverse_harmonic_mean_rank": 0.891843536313959,
        "inverse_median_rank": 1.0,
        "median_absolute_deviation": 0.0,
        "median_rank": 1.0,
        "standard_deviation": 858.2329307102065,
        "variance": 736563.7633554301,
        "z_arithmetic_mean_rank": 126.90568746364741,
        "z_geometric_mean_rank": 78.90744149001438,
        "z_hits_at_k": 2571.5628493154077,
        "z_inverse_harmonic_mean_rank": 5973.324370205247
      },
      "pessimistic": {
        "adjusted_arithmetic_mean_rank": 0.011656347254065794,
        "adjusted_arithmetic_mean_rank_index": 0.9884738170230981,
        "adjusted_geometric_mean_rank_index": 0.9999063468290071,
        "adjusted_hits_at_k": 0.949167002147634,
        "adjusted_inverse_harmonic_mean_rank": 0.8917540995380339,
        "arithmetic_mean_rank": 88.51886488229603,
        "count": 6202.0,
        "geometric_mean_rank": 1.4742098264999277,
        "harmonic_mean_rank": 1.1212729131107637,
        "hits_at_1": 0.8485972267010642,
        "hits_at_10": 0.9492099322799097,
        "hits_at_3": 0.9332473395678813,
        "hits_at_5": 0.9405030635278943,
        "inverse_arithmetic_mean_rank": 0.01129702692561303,
        "inverse_geometric_mean_rank": 0.6783294901609781,
        "inverse_harmonic_mean_rank": 0.8918435363123911,
        "inverse_median_rank": 1.0,
        "median_absolute_deviation": 0.0,
        "median_rank": 1.0,
        "standard_deviation": 858.2348193861852,
        "variance": 736567.005206838,
        "z_arithmetic_mean_rank": 126.90568473738297,
        "z_geometric_mean_rank": 78.90744148964909,
        "z_hits_at_k": 2571.5628493154077,
        "z_inverse_harmonic_mean_rank": 5973.324370194736
      },
      "realistic": {
        "adjusted_arithmetic_mean_rank": 0.01165633654660699,
        "adjusted_arithmetic_mean_rank_index": 0.988473827731967,
        "adjusted_geometric_mean_rank_index": 0.999906346860655,
        "adjusted_hits_at_k": 0.949167002147634,
        "adjusted_inverse_harmonic_mean_rank": 0.8917541206008337,