{
  "losses": [
    0.6489177244196972,
    0.43924318283355884,
    0.3582665314668505,
    0.30012381583305414,
    0.25660189710961184,
    0.21995800344521188,
    0.18613069988970687,
    0.16568792504923685,
    0.14239712665086895,
    0.12803142242537344,
    0.11119612362327541,
    0.1020830988865621,
    0.09085054812136248,
    0.08291605126865098,
    0.07530847542318217,
    0.06881809236454259,
    0.06189026177764453,
    0.05799625142766484,
    0.0531586627820002,
    0.04894542877144854,
    0.045686439913812237,
    0.044077097227237204,
    0.04150625836250964,
    0.03837720891965434,
    0.03705245332007888,
    0.03521458509153333,
    0.03340290459629901,
    0.0313265065793315,
    0.030805585878382762,
    0.02958542724332676,
    0.027482699670512322,
    0.02577531829664456,
    0.025690110091789824,
    0.023977595157210208,
    0.024010868340482928,
    0.023021473529234785,
    0.023291609355528365,
    0.022081118315031633,
    0.021143970915272356,
    0.020583265469056266,
    0.019830350145890283,
    0.019319944642828272,
    0.019246122681678003,
    0.01829824636184514,
    0.017547407101500285,
    0.017620280727955143,
    0.01732717098076392,
    0.01647793331924422,
    0.015702850998019723,
    0.016108089038331448
  ],
  "metrics": {
    "both": {
      "optimistic": {
        "adjusted_arithmetic_mean_rank": 0.20115464648228862,
        "adjusted_arithmetic_mean_rank_index": 0.7989338058664468,
        "adjusted_geometric_mean_rank_index": 0.9845989117658167,
        "adjusted_hits_at_k": 0.3095048390742214,
        "adjusted_inverse_harmonic_mean_rank": 0.2332667838893877,
        "arithmetic_mean_rank": 1816.9019769357496,
        "count": 10926.0,
        "geometric_mean_rank": 101.59091401988202,
        "harmonic_mean_rank": 4.278575105886143,
        "hits_at_1": 0.1947647812557203,
        "hits_at_10": 0.30990298370858504,
        "hits_at_3": 0.24528647263408385,
        "hits_at_5": 0.26981511989749224,
        "inverse_arithmetic_mean_rank": 0.0005503874246900897,
        "inverse_geometric_mean_rank": 0.009843399969846647,
        "inverse_harmonic_mean_rank": 0.23372267057420001,
        "inverse_median_rank": 0.005813953488372093,
        "median_absolute_deviation": 253.52497936445792,
        "median_rank": 172.0,
        "standard_deviation": 3512.880788184913,
        "variance": 12340331.431998655,
        "z_arithmetic_mean_rank": 142.76393882260234,
        "z_geometric_mean_rank": 103.07461528449367,
        "z_hits_at_k": 1346.915588088391,
        "z_inverse_harmonic_mean_rank": 2507.083341954249
      },
      "pessimistic": {
        "adjusted_arithmetic_mean_rank": 0.20115485927496154,
        "adjusted_arithmetic_mean_rank_index": 0.7989335930502124,
        "adjusted_geometric_mean_rank_index": 0.9845989022886849,
        "adjusted_hits_at_k": 0.3095048390742214,
        "adjusted_inverse_harmonic_mean_rank": 0.23326678351463642,
        "arithmetic_mean_rank": 1816.9038989566172,
        "count": 10926.0,
        "geometric_mean_rank": 101.59097591897326,
        "harmonic_mean_rank": 4.278575112742338,
        "hits_at_1": 0.1947647812557203,
        "hits_at_10": 0.30990298370858504,
        "hits_at_3": 0.24528647263408385,
        "hits_at_5": 0.26981511989749224,
        "inverse_arithmetic_mean_rank": 0.0005503868424600025,
        "inverse_geometric_mean_rank": 0.009843393972291182,
        "inverse_harmonic_mean_rank": 0.23372267019967155,
        "inverse_median_rank": 0.005813953488372093,
        "median_absolute_deviation": 253.52497936445792,
        "median_rank": 172.0,
        "standard_deviation": 3512.8831144087685,
        "variance": 12340347.77549825,
        "z_arithmetic_mean_rank": 142.7639007938149,
        "z_geometric_mean_rank": 103.07461429236204,
        "z_hits_at_k": 1346.915588088391,
        "z_inverse_harmonic_mean_rank": 2507.083337926532
      },
      "realistic": {
        "adjusted_arithmetic_mean_rank": 0.20115475466723537,
        "adjusted_arithmetic_mean_rank_index": 0.7989336976695213,
        "adjusted_geometric_mean_rank_index": 0.9845989050870629,
        "adjusted_hits_at_k": 0.3095048390742214,
        "adjusted_inverse_harmonic_mean_rank": 0.233266770272347,
        "arithmetic_mean_rank": 1816.9029541015625,
        "count": 10926.0,
        "geometric_mean_rank": 101.59095764160156,
        "harmonic_mean_rank": 4.27857535501428,
        "hits_at_1": 0.1947647812557203,
        "hits_at_10": 0.30990298370858504,
        "hits_at_3": 0.24528647263408385,
        "hits_at_5": 0.26981511989749224,
        "inverse_arithmetic_mean_rank": 0.0005503871361725032,
        "inverse_geometric_mean_rank": 0.00984339602291584,
        "inverse_harmonic_mean_rank": 0.23372265696525577,
        "inverse_median_rank": 0.0058139534667134285,
        "median_absolute_deviation": 253.52497936445792,
        "median_rank": 172.0,
        "standard_deviation": 3512.8818359375,
        "variance": 12340339.0,
        "z_arithmetic_mean_rank": 142.76391948856096,
        "z_geometric_mean_rank": 103.07461458531559,
        "z_hits_at_k": 1346.915588088391,
        "z_inverse_harmonic_mean_rank": 2507.083195602268
      }
    },
    "head": {
      "optimistic": {
        "adjusted_arithmetic_mean_rank": 0.22784291941483803,
        "adjusted_arithmetic_mean_rank_index": 0.7722490369668527,
        "adjusted_geometric_mean_rank_index": 0.9669171627823802,
        "adjusted_hits_at_k": 0.2371132640153547,
        "adjusted_inverse_harmonic_mean_rank": 0.2089029739063455,
        "arithmetic_mean_rank": 1913.423210690097,
        "count": 5463.0,
        "geometric_mean_rank": 199.41363618168864,
        "harmonic_mean_rank": 4.775179753795657,
        "hits_at_1": 0.19384953322350357,
        "hits_at_10": 0.2375983891634633,
        "hits_at_3": 0.2121544938678382,
        "hits_at_5": 0.22277137104155226,
        "inverse_arithmetic_mean_rank": 0.0005226235337865161,
        "inverse_geometric_mean_rank": 0.005014702199647398,
        "inverse_harmonic_mean_rank": 0.2094162003441081,
        "inverse_median_rank": 0.0017605633802816902,
        "median_absolute_deviation": 840.6354578926763,
        "median_rank": 568.0,
        "standard_deviation": 3079.2496557650493,
        "variance": 9481778.442529175,
        "z_arithmetic_mean_rank": 96.49432797711934,
        "z_geometric_mean_rank": 71.58897537631881,
        "z_hits_at_k": 694.781113902604,
        "z_inverse_harmonic_mean_rank": 1511.9945996303395
      },
      "pessimistic": {
        "adjusted_arithmetic_mean_rank": 0.22784324636725894,
        "adjusted_arithmetic_mean_rank_index": 0.7722487099754949,
        "adjusted_geometric_mean_rank_index": 0.9669171257482082,
        "adjusted_hits_at_k": 0.2371132640153547,
        "adjusted_inverse_harmonic_mean_rank": 0.20890297316698847,
        "arithmetic_mean_rank": 1913.4259564341937,
        "count": 5463.0,
        "geometric_mean_rank": 199.41385829337327,
        "harmonic_mean_rank": 4.775179770643791,
        "hits_at_1": 0.19384953322350357,
        "hits_at_10": 0.2375983891634633,
        "hits_at_3": 0.2121544938678382,
        "hits_at_5": 0.22277137104155226,
        "inverse_arithmetic_mean_rank": 0.0005226227838277952,
        "inverse_geometric_mean_rank": 0.0050146966141581895,
        "inverse_harmonic_mean_rank": 0.20941619960523072,
        "inverse_median_rank": 0.0017605633802816902,
        "median_absolute_deviation": 840.6354578926763,
        "median_rank": 568.0,
        "standard_deviation": 3079.251712431397,
        "variance": 9481791.108511692,
        "z_arithmetic_mean_rank": 96.49428711878244,
        "z_geometric_mean_rank": 71.58897263436891,
        "z_hits_at_k": 694.781113902604,
        "z_inverse_harmonic_mean_rank": 1511.994594279033
      },
      "realistic": {
        "adjusted_arithmetic_mean_rank": 0.22784306561482723,