{
  "losses": [
    14.547844961946234,
    11.420232169146608,
    9.680912724856672,
    8.231645385620043,
    7.202009061287189,
    6.136467510843512,
    5.2745497473355,
    4.629701163968429,
    4.026314060089036,
    3.5200111525399342,
    3.071092607058915,
    2.703004977679605,
    2.358692911458133,
    2.0639872007769315,
    1.8234209714851943,
    1.59537369189004,
    1.410017777839905,
    1.2342115198743755,
    1.0924362092476172,
    0.9632862210273743,
    0.8528212379352212,
    0.7553991781813758,
    0.6650040560755236,
    0.5988059769123059,
    0.5249076541421449,
    0.46952212055034825,
    0.42598629273070493,
    0.39498532526745583,
    0.3519563077045192,
    0.3211128149053146,
    0.2990180683950779,
    0.271512853669856,
    0.2364105021975604,
    0.22263966374135957,
    0.21047597121575784,
    0.1874719962863059,
    0.17674381602463757,
    0.16191426544390583,
    0.15088913007524654,
    0.14026011417853862,
    0.1315855247202545,
    0.1157222070520184,
    0.11287225227289159,
    0.1070402497230694,
    0.09835076030444702,
    0.0897242715123472,
    0.08718169796317266,
    0.08419688635452977,
    0.07712099446744194,
    0.06929715847214592
  ],
  "metrics": {
    "both": {
      "optimistic": {
        "adjusted_arithmetic_mean_rank": 0.6180661042434978,
        "adjusted_arithmetic_mean_rank_index": 0.381976090493536,
        "adjusted_geometric_mean_rank_index": 0.8820434159077251,
        "adjusted_hits_at_k": 0.1975073007444422,
        "adjusted_inverse_harmonic_mean_rank": 0.1954248448980105,
        "arithmetic_mean_rank": 5595.164012447373,
        "count": 10926.0,
        "geometric_mean_rank": 773.7678218904631,
        "harmonic_mean_rank": 5.1046052743181365,
        "hits_at_1": 0.19320885960095185,
        "hits_at_10": 0.19796814936847887,
        "hits_at_3": 0.19650375251693208,
        "hits_at_5": 0.19741900054914882,
        "inverse_arithmetic_mean_rank": 0.00017872577064324363,
        "inverse_geometric_mean_rank": 0.0012923773407335656,
        "inverse_harmonic_mean_rank": 0.19590153327449558,
        "inverse_median_rank": 0.0002781641168289291,
        "median_absolute_deviation": 5328.472373309133,
        "median_rank": 3595.0,
        "standard_deviation": 5750.884803972685,
        "variance": 33072676.02856395,
        "z_arithmetic_mean_rank": 68.29605589454654,
        "z_geometric_mean_rank": 92.33798016373873,
        "z_hits_at_k": 861.2669076278373,
        "z_inverse_harmonic_mean_rank": 2104.620532020877
      },
      "pessimistic": {
        "adjusted_arithmetic_mean_rank": 0.6180661244639519,
        "adjusted_arithmetic_mean_rank_index": 0.3819760702708479,
        "adjusted_geometric_mean_rank_index": 0.8820434085676979,
        "adjusted_hits_at_k": 0.1975073007444422,
        "adjusted_inverse_harmonic_mean_rank": 0.1954248448768097,
        "arithmetic_mean_rank": 5595.16419549698,
        "count": 10926.0,
        "geometric_mean_rank": 773.7678699771113,
        "harmonic_mean_rank": 5.104605274870239,
        "hits_at_1": 0.19320885960095185,
        "hits_at_10": 0.19796814936847887,
        "hits_at_3": 0.19650375251693208,
        "hits_at_5": 0.19741900054914882,
        "inverse_arithmetic_mean_rank": 0.00017872576479610833,
        "inverse_geometric_mean_rank": 0.0012923772604173662,
        "inverse_harmonic_mean_rank": 0.1959015332533073,
        "inverse_median_rank": 0.0002781641168289291,
        "median_absolute_deviation": 5328.472373309133,
        "median_rank": 3595.0,
        "standard_deviation": 5750.884720032235,
        "variance": 33072675.063100245,
        "z_arithmetic_mean_rank": 68.2960522787971,
        "z_geometric_mean_rank": 92.33797939533747,
        "z_hits_at_k": 861.2669076278373,
        "z_inverse_harmonic_mean_rank": 2104.6205317925555
      },
      "realistic": {
        "adjusted_arithmetic_mean_rank": 0.6180661637101946,
        "adjusted_arithmetic_mean_rank_index": 0.38197603102026945,
        "adjusted_geometric_mean_rank_index": 0.8820434158504596,
        "adjusted_hits_at_k": 0.1975073007444422,
        "adjusted_inverse_harmonic_mean_rank": 0.1954248396212202,
        "arithmetic_mean_rank": 5595.16455078125,
        "count": 10926.0,
        "geometric_mean_rank": 773.767822265625,
        "harmonic_mean_rank": 5.104605411733976,
        "hits_at_1": 0.19320885960095185,
        "hits_at_10": 0.19796814936847887,
        "hits_at_3": 0.19650375251693208,
        "hits_at_5": 0.19741900054914882,
        "inverse_arithmetic_mean_rank": 0.00017872574971988797,
        "inverse_geometric_mean_rank": 0.0012923773610964417,
        "inverse_harmonic_mean_rank": 0.1959015280008316,
        "inverse_median_rank": 0.00027816410874947906,
        "median_absolute_deviation": 5328.472373309133,
        "median_rank": 3595.0,
        "standard_deviation": 5750.884765625,
        "variance": 33072678.0,
        "z_arithmetic_mean_rank": 68.29604526092409,
        "z_geometric_mean_rank": 92.33798015774383,
        "z_hits_at_k": 861.2669076278373,
        "z_inverse_harmonic_mean_rank": 2104.6204751926816
      }
    },
    "head": {
      "optimistic": {
        "adjusted_arithmetic_mean_rank": 0.5956625378800581,
        "adjusted_arithmetic_mean_rank_index": 0.404385377496552,
        "adjusted_geometric_mean_rank_index": 0.8904624956373137,
        "adjusted_hits_at_k": 0.198102678104948,
        "adjusted_inverse_harmonic_mean_rank": 0.1952367959490946,
        "arithmetic_mean_rank": 5027.138202452865,
        "count": 5463.0,
        "geometric_mean_rank": 662.0170852813271,
        "harmonic_mean_rank": 5.108414557109751,
        "hits_at_1": 0.19201903715907012,
        "hits_at_10": 0.19860882299103058,
        "hits_at_3": 0.1967783269265971,
        "hits_at_5": 0.19787662456525718,
        "inverse_arithmetic_mean_rank": 0.00019892033195189964,
        "inverse_geometric_mean_rank": 0.0015105350333595175,
        "inverse_harmonic_mean_rank": 0.19575545187659593,
        "inverse_median_rank": 0.00035161744022503517,
        "median_absolute_deviation": 4215.038107211426,
        "median_rank": 2844.0,
        "standard_deviation": 5491.651951886135,
        "variance": 30158241.1606548,
        "z_arithmetic_mean_rank": 50.58220848987966,
        "z_geometric_mean_rank": 65.92779903861049,
        "z_hits_at_k": 582.64219525628,
        "z_inverse_harmonic_mean_rank": 1418.341401597833
      },
      "pessimistic": {
        "adjusted_arithmetic_mean_rank": 0.5956625378800581,
        "adjusted_arithmetic_mean_rank_index": 0.404385377496552,
        "adjusted_geometric_mean_rank_index": 0.8904624956373137,
        "adjusted_hits_at_k": 0.198102678104948,
        "adjusted_inverse_harmonic_mean_rank": 0.1952367959490946,
        "arithmetic_mean_rank": 5027.138202452865,
        "count": 5463.0,
        "geometric_mean_rank": 662.0170852813271,
        "harmonic_mean_rank": 5.108414557109751,
        "hits_at_1": 0.19201903715907012,
        "hits_at_10": 0.19860882299103058,
        "hits_at_3": 0.1967783269265971,
        "hits_at_5": 0.19787662456525718,
        "inverse_arithmetic_mean_rank": 0.00019892033195189964,
        "inverse_geometric_mean_rank": 0.0015105350333595175,
        "inverse_harmonic_mean_rank": 0.19575545187659593,
        "inverse_median_rank": 0.00035161744022503517,
        "median_absolute_deviation": 4215.038107211426,
        "median_rank": 2844.0,
        "standard_deviation": 5491.651951886135,
        "variance": 30158241.1606548,
        "z_arithmetic_mean_rank": 50.58220848987966,
        "z_geometric_mean_rank": 65.92779903861049,
        "z_hits_at_k": 582.64219525628,
        "z_inverse_harmonic_mean_rank": 1418.341401597833
      },
      "realistic": {
        "adjusted_arithmetic_mean_rank": 0.5956625356454531,
        "adjusted_arithmetic_mean_rank_index": 0.40438537973142186,
        "adjusted_geometric_mean_rank_index": 0.8904625656804571,